achiote seeds|achiote seeds
allspice|allspice
almond oil|almond oil
almonds|almonds
amaretto|amaretto
anchovies|anchovies
angelica|angelica
anise|anise
anise hyssop|anise hyssop
anise, star|star anise
apples|apples
apricots—in general|apricot
apricots, dried|dried apricot
artichokes|artichoke
artichokes, jerusalem|jerusalem artichoke
arugula|arugula
asparagus|asparagus
asparagus, white|white asparagus
avocado oil|avocado oil
avocados|avocados
bacon|bacon
balsamic vinegar|balsamic vinegar
bananas|bananas
barley|barley
basil|basil
basil, lemon|lemon basil
basil, thai|thai basil
bass|bass
bass, black|black bass
bass, sea|sea bass
bass, striped|striped bass
bay leaf|bay leaf
beans—in general|beans
beans, black|black beans
beans, broad|broad beans
beans, butter|butter beans
beans, cannellini|cannellini beans
beans, fava|fava beans
beans, flageolet|flageolet beans
beans, garbanzo|garbanzo beans
beans, green|green beans
beans, kidney|kidney beans
beans, lima|lima beans
beans, navy|navy beans
beans, pinto|pinto beans
beans, red|red beans
beans, white|white beans
beef—in general|beef
beef—brisket|beef brisket
beef—cheeks|beef cheek
beef—kobe|kobe beef
beef—loin|beef loin
beef—oxtails|oxtail
beef—ribs|beef rib
beef—roast|beef roast
beef—round|beef round
beef—shank|beef shank
beef—short loin|beef short loin
beef—short ribs|beef short rib
beef—steak: in general|steak
beef—steak: chuck|chuck steak
beef—steak: filet mignon|filet mignon
beef—steak: flank|flank steak
beef—steak: hanger|hanger steak
beef—steak: rib eye|rib eye
beef—steak: skirt|skirt steak
beef—steak tartare|tartare
beer|beer
beets|beets
bell peppers|bell peppers
berries—in general|berries
blackberries|blackberries
black-eyed peas|black-eyed peas
black pepper|black pepper
blueberries|blueberries
bluefish|bluefish
bok choy|bok choy
bonito flakes, dried|bonito flakes
bouquet garni|bouquet garni
bourbon|bourbon
boysenberries|boysenberries
broccoli|broccoli
broccolini|broccolini
broccoli rabe|broccoli rabe
brussels sprouts|brussels sprouts
bulgur wheat|bulgur wheat
butter, brown|brown butter
buttermilk|buttermilk
butterscotch|butterscotch
cabbage—in general|cabbage
cabbage, napa|napa cabbage
cabbage, red|red cabbage
cabbage, savoy|savoy cabbage
cabernet sauvignon|cabernet sauvignon
calamari|calamari
calf’s liver|calf’s liver
calvados|calvados
cantaloupe|cantaloupe
capers|capers
caramel|caramel
caraway seeds|caraway seeds
cardamom|cardamom
carrots|carrots
cashews|cashews
catfish|catfish
cauliflower|cauliflower
caviar|caviar
cayenne, ground|cayenne
celery|celery
celery root|celery root
celery salt|celery salt
celery seed|celery seed
chamomile|chamomile
champagne|champagne
chard|chard
chardonnay|chardonnay
cheese—in general|cheese
cheese, asiago|asiago
cheese, azeitao|azeitao cheese
cheese, blue|blue cheese
cheese, brie|brie
cheese, burrata|burrata
cheese, cabrales|cabrales
cheese, camembert|camembert
cheese, cheddar|cheddar
cheese, colby|colby cheese
cheese, comté|comté
cheese, cow’s milk—in general|cheese
cheese, cream|cream cheese
cheese, emmental|emmental
cheese, époisses|époisses
cheese, explorateur|explorateur
cheese, feta|feta
cheese, fontina|fontina
cheese, fromage blanc|fromage blanc
cheese, garrotxa|garrotxa
cheese, goat’s milk—in general|goat cheese
cheese, goat—fresh|goat cheese
cheese, gorgonzola|gorgonzola
cheese, gouda|gouda
cheese, gruyère|gruyère
cheese, hoja santa|hoja santa
cheese, jack|pepperjack
cheese, mahon|mahon
cheese, manchego|manchego
cheese, mascarpone|mascarpone
cheese, monterey jack|monterey jack
cheese, mozzarella|mozzarella
cheese, muenster|muenster
cheese, parmesan|parmesan
cheese, pecorino|pecorino
cheese, piave|piave
cheese, provolone|provolone
cheese, reblochon|reblochon
cheese, ricotta|ricotta
cheese, roquefort|roquefort
cheese, sheep’s milk—in general|sheep cheese
cheese, spanish|spanish
cheese, stilton|stilton
cheese, swiss|swiss cheese
cheese, taleggio|taleggio
cheese, triple crème|triple crème
cheese, vacherin|vacherin
cheese, valdeon|valdeon
cheese, vermont shepherd|vermont shepherd
cherries—in general|cherries
chervil|chervil
chestnuts|chestnuts
chicken|chicken
chicken livers|chicken livers
chickpeas|chickpeas
chicory|chicory
chile peppers—in general|chile peppers
chile peppers, anaheim|anaheim pepper
chile peppers, ancho|ancho chile
chile peppers, chipotle|chipotle
chile peppers, guajillo|guajillo
chile peppers, habanero|habanero
chile peppers, jalapeño|jalapeño
chile peppers, pasilla|pasilla
chile peppers, piments d’espelette|piments d’espelette
chile peppers, poblano|poblano
chile peppers, serrano|serrano
chili paste|chili paste
chili powder|chili powder
chinese five-spice powder|chinese five-spice powder
chives|chives
chocolate / cocoa—in general|chocolate / cocoa—in general
chocolate, white|chocolate, white
chorizo|chorizo
cilantro|cilantro
cinnamon|cinnamon
citrus—in general|citrus—in general
clams|clams
cloves|cloves
coconut and coconut milk|coconut and coconut milk
cod|cod
cod, black|cod, black
cod, salt|cod, salt
coffee and espresso|coffee and espresso
cognac|cognac
collard greens|collard greens
cooling|cooling
coriander|coriander
corn|corn
corned beef|corned beef
cornish game hens|cornish game hens
couscous|couscous
couscous, israeli|couscous, israeli
crab|crab
crab, soft-shell|crab, soft-shell
cranberries|cranberries
crayfish|crayfish
cream|cream
cream cheese|cream cheese
cream, sour|sour cream
crème fraîche|crème fraîche
cress|cress
cucumbers|cucumbers
cumin|cumin
curry leaves|curry leaves
curry powder and sauces|curry powder
custards|custards
daikon|daikon
dandelion greens|dandelion greens
dates|dates
dill|dill
duck|duck
duck confit|duck confit
eggplant|eggplant
eggs and eggbased dishes—in general|eggs
eggs, frittata|eggs
eggs, hard-boiled|eggs
endive|endive
endive, curly|curly endive
epazote|epazote
escalar|escalar
escarole|escarole
fennel|fennel
fennel pollen|fennel pollen
fennel seeds|fennel seeds
fenugreek|fenugreek
feta cheese|feta cheese
fiddlehead ferns|fiddlehead ferns
figs, dried|dried gif
figs, fresh|fig
filet mignon|filet mignon
fines herbes|fines herbes
fish—in general|fish
fish sauce|fish sauce
five-spice powder|five-spice powder
flounder|flounder
foie gras|foie gras
frisée|frisée
fruit, dried|dried fruit
fruit, fresh|fruit
fruit, tropical|tropical fruit
game—in general|game
garam masala|garam masala
garlic|garlic
gin|gin
ginger|ginger
ginger, ground|ground ginger
goat cheese|goat cheese
grapefruit|grapefruit
grapes|grapes
green beans|green beans
greens—in general|greens
greens, collard|collard greens
greens, dandelion|dandelion greens
greens, kale|kale
greens, mustard|mustard greens
greens, salad|salad greens
greens, turnip|turnip greens
grits|grits
grouper|grouper
guavas|guavas
haddock|haddock
halibut|halibut
ham|ham
ham, ibérico|ibérico ham
ham, serrano|serrano ham
hazelnut oil|hazelnut oil
hazelnuts|hazelnuts
herbes de provence|herbes de provence
honey|honey
honey, blueberry|blueberry honey
honey, chestnut|chestnut honey
honey, raspberry|raspberry honey
honeydew|honeydew
horseradish|horseradish
hyssop|hyssop
jicama|jicama
juniper berries|juniper berries
kaffir limes and kaffir lime leaf|kaffir lime
kale|kale
kiwi fruit|kiwi fruit
kohlrabi|kohlrabi
kumquats|kumquats
lamb—in general|lamb
lamb, chops|lamb chops
lavender|lavender
leeks|leeks
lemons|lemons
lemons, meyer|meyer lemon
lemons, preserved|preserved lemon
lemon balm|lemon balm
lemon basil|lemon basil
lemongrass|lemongrass
lemon thyme|lemon thyme
lemon verbena|lemon verbena
lentils|lentils
lettuces—in general|lettuce
lettuce, bibb|bibb lettuce
lettuces—bitter greens and chicories|chicory
lettuces—mesclun greens|mesclun
lettuce, romaine|romaine
limes|lime
limes and lime leaf, kaffir|kaffir lime
liver, calf’s|calf’s liver
liver, chicken|chicken liver
liver, duck or goose|duck liver
lobster|lobster
lotus root|lotus root
lovage|lovage
lychees|lychees
macadamia nut oil|macadamia nut oil
macadamia nuts|macadamia nuts
mace|mace
mâche|mâche
mackerel|mackerel
mahi mahi|mahi mahi
malt|malt
mangoes|mangoes
maple syrup|maple syrup
marjoram|marjoram
mascarpone|mascarpone
meats|meats
melon/muskmelons—in general|melon
merlot|merlot
mint—in general|mint
mint, dried|dried mint
mint, peppermint|peppermint
mirepoix|mirepoix
miso and miso soup|miso
molasses|molasses
monkfish|monkfish
morels|morels
mushrooms—in general|mushroom
mushrooms—chanterelles|chanterelles
mushrooms—cremini|cremini
mushrooms—matsutake|matsutake
mushrooms—morels|morels
mushrooms—porcini / cepes / king bolete|porcini
mushrooms—portobello|portobello
mushrooms—shiitake|shiitake
mussels|mussels
mustard|mustard
mustard greens|mustard greens
nectarines|nectarines
nutmeg|nutmeg
nuts—in general|nuts
oatmeal / oats|oats
octopus|octopus
oil, almond|almond oil
oil, avocado|avocado oil
oil, canola|canola oil
oil, grapeseed|grapeseed oil
oil, hazelnut|hazelnut oil
oil, macadamia nut|macadamia nut oil
oil, olive|olive oil
oil, peanut|peanut oil
oil, pecan|pecan oil
oil, pistachio|pistachio oil
oil, porcini|porcini oil
oil, pumpkin seed|pumpkin seed oil
oil, sesame|sesame oil
oil, truffle|truffle oil
oil, walnut|walnut oil
okra|okra
olive oil|olive oil
olives|olives
onions—in general|onion
onions, sweet|onion
oranges—in general|orange
oranges, blood|blood orange
oranges, clementine|clementine
oranges, mandarin|mandarin orange
oregano|oregano
oxtails|oxtails
oysters|oysters
pancetta|pancetta
papayas|papayas
paprika—in general|paprika
paprika, smoked|smoked paprika
parsley|parsley
parsnips|parsnips
passion fruit|passion fruit
pasta|pasta
peaches|peaches
peanut oil|peanut oil
peanuts and peanut butter|peanut
pears|pears
peas—in general|peas
pecan oil|pecan oil
pecans|pecans
pepper, black|black pepper
pepper, green|green pepper
pepper, pink|pink pepper
pepper, red|red pepper
pepper, white|white pepper
peppers, bell|bell pepper
peppers, chile|chile pepper
peppers, peppadew|peppadew pepper
peppers, piquillo|piquillo
peppers, spanish|spanish pepper
persimmons|persimmons
pheasant|pheasant
pickles|pickles
pimenton|pimenton
pineapples|pineapples
pine nuts|pine nuts
pinot noir|pinot noir
pistachio oil|pistachio oil
pistachios|pistachios
plantains, green|green plantain
plantains, sweet|sweet plantain
plums|plums
plums, dried|dried plum
polenta|polenta
pomegranates|pomegranates
pomegranate molasses|pomegranate molasses
pomelos|pomelos
ponzu sauce|ponzu sauce
poppy seeds|poppy seeds
pork—in general|pork
pork—bacon|bacon
pork—belly|pork belly
pork—chops|pork chop
pork—ham|ham
pork—loin|pork loin
pork—ribs|pork rib
pork—sausage|pork sausage
pork—shoulder|pork shoulder
pork—tenderloin|pork tenderloin
potatoes|potatoes
potatoes, new|new potatoes
poultry|poultry
prosciutto|prosciutto
prunes|prunes
pumpkin|pumpkin
pumpkin seed oil|pumpkin seed oil
pumpkin seeds|pumpkin seeds
purslane|purslane
quail|quail
quatre épices|quatre épices
quince|quince
rabbit|rabbit
radicchio|radicchio
radishes|radishes
raisins|raisins
ramps|ramps
raspberries|raspberries
red snapper|red snapper
rhubarb|rhubarb
rice, white—in general|rice
rice, arborio or carnaroli|arborio rice
rice, basmati|basmati rice
rice, carnaroli|carnaroli rice
rice, jasmine|jasmine rice
rice, wild|wild rice
riesling|riesling
romaine|romaine
rose|rose
rosemary|rosemary
rum|rum
rutabagas|rutabagas
saffron|saffron
sage|sage
sake|sake
salads|salads
salmon|salmon
salmon, cured|cured salmon
salmon, smoked|smoked salmon
salsify|salsify
salt—in general|salt
salt, fleur de sel|fleur de sel
salt, hawaiian|hawaiian salt
salt, japanese|japanese salt
salt, kosher|kosher salt
salt, maldon|maldon
salt, sea—coarse|sea salt
salt, sea—fine|sea salt
salt, smoked|smoked salt
salt, truffle|truffle salt
salt, vanilla|vanilla salt
sardines|sardines
sauerkraut|sauerkraut
sausages|sausages
sauvignon blanc|sauvignon blanc
scallions|scallions
scallops|scallops
scotch|scotch
seafood—in general|seafood
sesame oil|sesame oil
sesame seeds, black|black sesame seeds
sesame seeds, white|white sesame seeds
shallots|shallots
shellfish|shellfish
shiitake mushrooms|shiitake mushrooms
shiso leaf|shiso leaf
short ribs|short ribs
shrimp|shrimp
skate|skate
smoked salmon|smoked salmon
smokiness|smokiness
snap peas|snap peas
snapper|snapper
sole|sole
sorrel|sorrel
sour cream|sour cream
soy sauce|soy sauce
spinach|spinach
sprouts|sprouts
squab|squab
squash, acorn|acorn squash
squash, butternut|butternut squash
squash, kabocha|kabocha squash
squash, spaghetti|spaghetti squash
squash, summer|summer squash
squash, winter|winter squash
squash blossoms|squash blossoms
squid|squid
star anise|star anise
steak|steak
strawberries|strawberries
striped bass|striped bass
stuffing|stuffing
sugar|sugar
sugar, palm|palm sugar
sugar snap peas|sugar snap peas
sumac|sumac
sunchokes|sunchokes
sweetbreads|sweetbreads
sweet potatoes|sweet potatoes
swiss chard|swiss chard
swordfish|swordfish
szechuan pepper|szechuan pepper
tamarind|tamarind
tangerines|tangerines
tarragon|tarragon
tequila|tequila
thyme|thyme
thyme, lemon|lemon thyme
tofu|tofu
tomatillos|tomatillos
tomatoes|tomatoes
trout|trout
trout, smoked|smoked trout
truffles, black|black trout
truffles, pacific northwest|truffles
truffles, white|white truffles
tuna|tuna
turbot|turbot
turkey|turkey
turmeric|turmeric
turnip greens|turnip greens
turnips|turnips
vanilla|vanilla
veal—in general|veal
veal—breast|veal breast
veal—cheeks|veal cheek
veal—chop|veal chop
veal—loin|veal loin
veal—shanks|veal shank
veal—tenderloin|veal tenderloin
venison|venison
verjus|verjus
vinegar—in general|vinegar
vinegar, balsamic|balsamic vinegar
vinegar, banyuls|banyuls vinegar
vinegar, cabernet sauvignon|cabernet sauvignon vinegar
vinegar, champagne|champagne vinegar
vinegar, chardonnay|chardonnay vinegar
vinegar, cider|cider vinegar
vinegar, fruit|fruit vinegar
vinegar, ice wine|ice wine vinegar
vinegar, malt|malt vinegar
vinegar, red wine|red wine vinegar
vinegar, rice wine|rice wine vinegar
vinegar, sherry|sherry vinegar
vinegar, tarragon|tarragon vinegar
vinegar, vincotto|vincotto vinegar
vinegar, white wine|white wine vinegar
vodka|vodka
walnut oil|walnut oil
walnuts|walnuts
wasabi|wasabi
water chestnuts|water chestnuts
watercress|watercress
watermelon|watermelon
whiskey|whiskey
wild rice|wild rice
wine|wine
yams|yams
yogurt|yogurt
yuzu fruit|yuzu fruit
zucchini|zucchini
zucchini blossoms|zucchini blossoms